dataset,purification_type,steps,psnr,ssim
wikiart,advdm_diffpure,50,13.365933452587292,0.3278047324636934
wikiart,antidb_diffpure,50,15.548819001995955,0.4161625453094584
wikiart,advdm_diffpure,100,12.949441273694015,0.3143663241075853
wikiart,antidb_diffpure,100,15.00384321264758,0.3952952859088568
wikiart,advdm_gridpure,na,13.532865856945628,0.3241556423873207
wikiart,antidb_gridpure,na,16.722707655012357,0.4572638530523092
